group,code1,code2,year,source
new,38146,,2026,gangaa
new,38133,,2026,thunder-huh
new,38132,,2026,collab
new,38115,,2026,gangbay
new,38097,,2026,thunder
new,38089,,2026,tengri
new,38063,,2026,thunder
new,38031,,2026,thunder
new,37969,,2026,thunder
new,38118,,2025,gone
new,38113,,2025,zuun
new,38088,,2025,rich
new,38056,,2025,ginjin-200
new,38009,,2025,quiza
new,37996,,2025,gangaa
new,37974,,2025,gangbay
new,37941,,2025,thunder
new,37899,,2025,gangbay
new,37847,,2025,gangaa
new,37840,,2025,gangbay
new,37811,,2025,gangbay
new,37808,,2025,ice
new,37755,,2025,gangbay
new,37753,,2025,gangaa
new,37744,,2025,ginjin
new,37727,,2025,gangbay
new,37714,,2025,thunder
new,37683,,2025,thunder
new,37682,,2025,gangbay
new,37664,,2025,ginjin
new,37656,,2025,gangbay
new,38151,,2024,rokit
new,38120,,2024,gants
new,38028,,2024,together
new,38025,,2024,gangaa
new,37994,,2024,gangaa
new,37836,,2024,thunder
new,37684,,2024,promise
new,37650,,2024,tamir
new,37629,,2024,tuundee
new,37622,,2024,opozit
new,37620,,2024,mvchi
new,37619,,2024,777
new,37591,,2024,gulgaa
new,37537,,2024,thunder
new,37505,,2024,rokit
new,37464,,2024,humble
new,37463,,2024,thunder
new,37435,,2024,rokit
new,37360,,2024,rokit
hit,38146,,,daily
hit,37629,,,daily
hit,37755,,,daily
hit,37996,,,daily
hit,37994,,,daily
hit,38025,,,daily
hit,38132,,,daily
hit,38088,,,apple
hit,37650,,,apple
hit,37525,,,apple
hit,37528,,,apple
hit,37904,,,apple
hit,,73598,,apple
hit,,70588,,apple
hit,,71515,,apple
hit,,71349,,apple
hit,,72721,,apple
hit,,73089,,apple
hit,,70366,,apple
hit,,71322,,apple
hit,,73295,,apple
hit,37360,,,weekly
hit,,73618,,ginjin-hits
hit,,73472,,ginjin-hits
hit,,72866,,apple
hit,,70040,,apple
hit,,70638,,rock
hit,,73038,,rock
hit,,70627,,rock
hit,,70774,,rock
hit,,70048,,rock
hit,,70565,,rock
hit,,72427,,rock
hit,,72765,,rock
hit,,71032,,rock
hit,,72426,,rock
hit,37380,,,tatar
hit,,71903,,tatar
hit,,72542,,tatar
hit,,74343,,classic
hit,,73516,,classic
hit,,72847,,classic
hit,,70624,,classic
hit,,71514,,classic
hit,,71521,,classic
hit,,70489,,classic
hit,,74284,,apple
hit,,70308,,classic
hit,,71822,,classic
hit,37808,,,weekly
