"source","title","artist","code1","code2","retainedSource","retainedCode1","retainedCode2"
"song-data.js","БАЙГАЛИЙН","DAVAIDASHA","","74423","song-data.js","37343","74423"
"song-data-extra-3.js","BLAAVGAI","ROKIT BAY","","74401","song-data.js","37360","74401"
"song-data-extra-3.js","БИ ЧИНИЙХ","ЭРКА & МӨӨГИЙ","","74456","song-data.js","37376","74456"
"song-data.js","BINGO","290 & TUUG18","38117","75197","song-data-extra-3.js","38117","75197"
"song-data.js","Зөөлөн хайр","A Cool","59405","","song-data-extra-3.js","59405","72205"
"song-data.js","Чамд би","Никитон хамтлаг","59418","","song-data.js","59418","72218"
"song-data.js","Ээж минь","Мотив хамтлаг","59419","","song-data-extra.js","59419","72219"
"song-data.js","ЧАМАЙГ ХҮЛЭЭНЭ","САРАНТУЯА.Б","","72197","song-data.js","","71988"
"song-data-extra.js","ЗАВГҮЙ","ЛУУЯА","","30043","song-data-extra.js","","73769"
"song-data-extra-3.js","DO IT","УКА","","30036","song-data-extra-3.js","","71289"
"song-data-extra-3.js","ECHO","SERYOJA","","30037","song-data-extra-3.js","","73157"
"song-data-extra-3.js","ШИНЭ ЖИЛИЙН ВАЛЬС","БҮХ ОДОД","","26076","song-data-extra-3.js","","70469"
